,High,Low,Open,Close,Volume,Adj Close
count,248.0,248.0,248.0,248.0,248.0,248.0
mean,36.101532313131514,34.74645165474184,35.466532314977336,35.372338610310706,18635531.85483871,31.155057568703928
std,7.290482119782365,7.346599101258888,7.347755917541037,7.337439246392954,8003185.638362926,6.22390258633011
min,25.0,21.90999984741211,24.200000762939453,22.1299991607666,6435600.0,19.43189811706543
25%,31.267499446868896,30.054999828338623,30.507500171661377,30.577500343322754,13041375.0,27.11948299407959
50%,34.165000915527344,33.0,33.625,33.44499969482422,17520050.0,29.579750061035156
75%,37.752498626708984,35.69250011444092,36.545000076293945,36.40749931335449,22826925.0,32.34993076324463
max,53.970001220703125,53.16999816894531,53.400001525878906,53.79999923706055,73978000.0,46.58474349975586