,High,Low,Open,Close,Volume,Adj Close
count,1243.0,1243.0,1243.0,1243.0,1243.0,1243.0
mean,32.17004022498526,31.210120695210808,31.70372485347266,31.68192276912453,9505695.414320193,24.728954897517653
std,11.441466925885765,11.250512714247257,11.361092208476675,11.354133222203913,4955245.6785919685,10.385393134496292
min,12.84000015258789,12.520000457763672,12.619999885559082,12.699999809265137,0.0,9.167745590209961
25%,23.02500057220459,22.219999313354492,22.625,22.59000015258789,6386600.0,15.706981182098389
50%,30.719999313354492,29.68000030517578,30.299999237060547,30.360000610351562,8633100.0,23.576946258544922
75%,41.795000076293945,40.61000061035156,41.31999969482422,41.21000099182129,11422600.0,32.43711471557617
max,55.90999984741211,54.81999969482422,55.599998474121094,55.18000030517578,47116600.0,46.55695343017578